h,t,t,p,s,:,/,/,w,w,w,.,k,d,n,u,g,g,e,t,s,.,c,o,m,/,t,a,g,/,t,e,n,s,o,r,f,l,o,w
https://www.kdnuggets.com/tag/tensorflow
https://www.kdnuggets.com/2018/03/text-processing-r.html
https://www.kdnuggets.com/tag/data-processing
https://www.kdnuggets.com/tag/r
https://www.kdnuggets.com/tag/text-analytics
https://www.kdnuggets.com/tag/text-mining
https://www.kdnuggets.com/2018/03/5-things-know-about-machine-learning.html
https://www.kdnuggets.com/tag/accuracy
https://www.kdnuggets.com/tag/colaboratory
https://www.kdnuggets.com/tag/data-preparation
https://www.kdnuggets.com/tag/ensemble-methods
https://www.kdnuggets.com/tag/jupyter
https://www.kdnuggets.com/tag/machine-learning
https://www.kdnuggets.com/tag/validation
https://www.kdnuggets.com/2018/03/time-series-dummies-3-step-process.html
https://www.kdnuggets.com/tag/data-science
https://www.kdnuggets.com/tag/deep-learning
https://www.kdnuggets.com/tag/machine-learning
https://www.kdnuggets.com/tag/predictive-modeling
https://www.kdnuggets.com/tag/time-series
https://www.kdnuggets.com/2018/03/data-science-fashion.html
https://www.kdnuggets.com/tag/brands
https://www.kdnuggets.com/tag/data-science
https://www.kdnuggets.com/tag/fashion
https://www.kdnuggets.com/tag/retail
https://www.kdnuggets.com/tag/supply-chain
https://www.kdnuggets.com/2018/03/data-science-javascript-developers.html
https://www.kdnuggets.com/tag/data-science
https://www.kdnuggets.com/tag/data-visualization
https://www.kdnuggets.com/tag/javascript
https://www.kdnuggets.com/tag/jupyter
https://www.kdnuggets.com/2018/03/google-tensorflow-object-detection-api-the-easiest-way-implement-image-recognition.html
https://www.kdnuggets.com/tag/api
https://www.kdnuggets.com/tag/image-recognition
https://www.kdnuggets.com/tag/tensorflow
https://www.kdnuggets.com/2018/03/text-processing-r.html
https://www.kdnuggets.com/tag/data-processing
https://www.kdnuggets.com/tag/r
https://www.kdnuggets.com/tag/text-analytics
https://www.kdnuggets.com/tag/text-mining
https://www.kdnuggets.com/2018/03/text-processing-r.html
https://www.kdnuggets.com/tag/data-processing
https://www.kdnuggets.com/tag/r
https://www.kdnuggets.com/tag/text-analytics
https://www.kdnuggets.com/tag/text-mining
https://www.kdnuggets.com/2018/03/5-things-know-about-machine-learning.html
https://www.kdnuggets.com/tag/accuracy
https://www.kdnuggets.com/tag/colaboratory
https://www.kdnuggets.com/tag/data-preparation
https://www.kdnuggets.com/tag/ensemble-methods
https://www.kdnuggets.com/tag/jupyter
https://www.kdnuggets.com/tag/machine-learning
https://www.kdnuggets.com/tag/validation
https://www.kdnuggets.com/2018/03/text-processing-r.html
https://www.kdnuggets.com/tag/data-processing
https://www.kdnuggets.com/tag/r
https://www.kdnuggets.com/tag/text-analytics
https://www.kdnuggets.com/tag/text-mining
https://www.kdnuggets.com/2018/03/5-things-know-about-machine-learning.html
https://www.kdnuggets.com/tag/accuracy
https://www.kdnuggets.com/tag/colaboratory
https://www.kdnuggets.com/tag/data-preparation
https://www.kdnuggets.com/tag/ensemble-methods
https://www.kdnuggets.com/tag/jupyter
https://www.kdnuggets.com/tag/machine-learning
https://www.kdnuggets.com/tag/validation
https://www.kdnuggets.com/2018/03/time-series-dummies-3-step-process.html
https://www.kdnuggets.com/tag/data-science
https://www.kdnuggets.com/tag/deep-learning
https://www.kdnuggets.com/tag/machine-learning
https://www.kdnuggets.com/tag/predictive-modeling
https://www.kdnuggets.com/tag/time-series
https://www.kdnuggets.com/2018/03/text-processing-r.html
https://www.kdnuggets.com/tag/data-processing
https://www.kdnuggets.com/tag/r
https://www.kdnuggets.com/tag/text-analytics
https://www.kdnuggets.com/tag/text-mining
https://www.kdnuggets.com/2018/03/5-things-know-about-machine-learning.html
https://www.kdnuggets.com/tag/accuracy
https://www.kdnuggets.com/tag/colaboratory
https://www.kdnuggets.com/tag/data-preparation
https://www.kdnuggets.com/tag/ensemble-methods
https://www.kdnuggets.com/tag/jupyter
https://www.kdnuggets.com/tag/machine-learning
https://www.kdnuggets.com/tag/validation
https://www.kdnuggets.com/2018/03/time-series-dummies-3-step-process.html
https://www.kdnuggets.com/tag/data-science
https://www.kdnuggets.com/tag/deep-learning
https://www.kdnuggets.com/tag/machine-learning
https://www.kdnuggets.com/tag/predictive-modeling
https://www.kdnuggets.com/tag/time-series
https://www.kdnuggets.com/2018/03/data-science-fashion.html
https://www.kdnuggets.com/tag/brands
https://www.kdnuggets.com/tag/data-science
https://www.kdnuggets.com/tag/fashion
https://www.kdnuggets.com/tag/retail
https://www.kdnuggets.com/tag/supply-chain
https://www.kdnuggets.com/2018/03/text-processing-r.html
https://www.kdnuggets.com/tag/data-processing
https://www.kdnuggets.com/tag/r
https://www.kdnuggets.com/tag/text-analytics
https://www.kdnuggets.com/tag/text-mining
https://www.kdnuggets.com/2018/03/5-things-know-about-machine-learning.html
https://www.kdnuggets.com/tag/accuracy
https://www.kdnuggets.com/tag/colaboratory
https://www.kdnuggets.com/tag/data-preparation
https://www.kdnuggets.com/tag/ensemble-methods
https://www.kdnuggets.com/tag/jupyter
https://www.kdnuggets.com/tag/machine-learning
https://www.kdnuggets.com/tag/validation
https://www.kdnuggets.com/2018/03/time-series-dummies-3-step-process.html
https://www.kdnuggets.com/tag/data-science
https://www.kdnuggets.com/tag/deep-learning
https://www.kdnuggets.com/tag/machine-learning
https://www.kdnuggets.com/tag/predictive-modeling
https://www.kdnuggets.com/tag/time-series
https://www.kdnuggets.com/2018/03/data-science-fashion.html
https://www.kdnuggets.com/tag/brands
https://www.kdnuggets.com/tag/data-science
https://www.kdnuggets.com/tag/fashion
https://www.kdnuggets.com/tag/retail
https://www.kdnuggets.com/tag/supply-chain
https://www.kdnuggets.com/2018/03/data-science-javascript-developers.html
https://www.kdnuggets.com/tag/data-science
https://www.kdnuggets.com/tag/data-visualization
https://www.kdnuggets.com/tag/javascript
https://www.kdnuggets.com/tag/jupyter
https://www.kdnuggets.com/2018/03/text-processing-r.html
https://www.kdnuggets.com/tag/data-processing
https://www.kdnuggets.com/tag/r
https://www.kdnuggets.com/tag/text-analytics
https://www.kdnuggets.com/tag/text-mining
https://www.kdnuggets.com/2018/03/5-things-know-about-machine-learning.html
https://www.kdnuggets.com/tag/accuracy
https://www.kdnuggets.com/tag/colaboratory
https://www.kdnuggets.com/tag/data-preparation
https://www.kdnuggets.com/tag/ensemble-methods
https://www.kdnuggets.com/tag/jupyter
https://www.kdnuggets.com/tag/machine-learning
https://www.kdnuggets.com/tag/validation
https://www.kdnuggets.com/2018/03/time-series-dummies-3-step-process.html
https://www.kdnuggets.com/tag/data-science
https://www.kdnuggets.com/tag/deep-learning
https://www.kdnuggets.com/tag/machine-learning
https://www.kdnuggets.com/tag/predictive-modeling
https://www.kdnuggets.com/tag/time-series
https://www.kdnuggets.com/2018/03/data-science-fashion.html
https://www.kdnuggets.com/tag/brands
https://www.kdnuggets.com/tag/data-science
https://www.kdnuggets.com/tag/fashion
https://www.kdnuggets.com/tag/retail
https://www.kdnuggets.com/tag/supply-chain
https://www.kdnuggets.com/2018/03/data-science-javascript-developers.html
https://www.kdnuggets.com/tag/data-science
https://www.kdnuggets.com/tag/data-visualization
https://www.kdnuggets.com/tag/javascript
https://www.kdnuggets.com/tag/jupyter
https://www.kdnuggets.com/2018/03/google-tensorflow-object-detection-api-the-easiest-way-implement-image-recognition.html
https://www.kdnuggets.com/tag/api
https://www.kdnuggets.com/tag/image-recognition
https://www.kdnuggets.com/tag/tensorflow
https://www.kdnuggets.com/2018/03/text-processing-r.html
https://www.kdnuggets.com/2018/03/text-processing-r.html
https://www.kdnuggets.com/tag/data-processing
https://www.kdnuggets.com/2018/03/text-processing-r.html
https://www.kdnuggets.com/tag/data-processing
https://www.kdnuggets.com/tag/r
https://www.kdnuggets.com/2018/03/text-processing-r.html
https://www.kdnuggets.com/tag/data-processing
https://www.kdnuggets.com/tag/r
https://www.kdnuggets.com/tag/text-analytics
https://www.kdnuggets.com/2018/03/text-processing-r.html
https://www.kdnuggets.com/tag/data-processing
https://www.kdnuggets.com/tag/r
https://www.kdnuggets.com/tag/text-analytics
https://www.kdnuggets.com/tag/text-mining
https://www.kdnuggets.com/2018/03/text-processing-r.html
https://www.kdnuggets.com/tag/data-processing
https://www.kdnuggets.com/tag/r
https://www.kdnuggets.com/tag/text-analytics
https://www.kdnuggets.com/tag/text-mining
https://www.kdnuggets.com/2018/03/5-things-know-about-machine-learning.html
https://www.kdnuggets.com/2018/03/text-processing-r.html
https://www.kdnuggets.com/tag/data-processing
https://www.kdnuggets.com/tag/r
https://www.kdnuggets.com/tag/text-analytics
https://www.kdnuggets.com/tag/text-mining
https://www.kdnuggets.com/2018/03/5-things-know-about-machine-learning.html
https://www.kdnuggets.com/tag/accuracy
https://www.kdnuggets.com/2018/03/text-processing-r.html
https://www.kdnuggets.com/tag/data-processing
https://www.kdnuggets.com/tag/r
https://www.kdnuggets.com/tag/text-analytics
https://www.kdnuggets.com/tag/text-mining
https://www.kdnuggets.com/2018/03/5-things-know-about-machine-learning.html
https://www.kdnuggets.com/tag/accuracy
https://www.kdnuggets.com/tag/colaboratory
https://www.kdnuggets.com/2018/03/text-processing-r.html
https://www.kdnuggets.com/tag/data-processing
https://www.kdnuggets.com/tag/r
https://www.kdnuggets.com/tag/text-analytics
https://www.kdnuggets.com/tag/text-mining
https://www.kdnuggets.com/2018/03/5-things-know-about-machine-learning.html
https://www.kdnuggets.com/tag/accuracy
https://www.kdnuggets.com/tag/colaboratory
https://www.kdnuggets.com/tag/data-preparation
https://www.kdnuggets.com/2018/03/text-processing-r.html
https://www.kdnuggets.com/tag/data-processing
https://www.kdnuggets.com/tag/r
https://www.kdnuggets.com/tag/text-analytics
https://www.kdnuggets.com/tag/text-mining
https://www.kdnuggets.com/2018/03/5-things-know-about-machine-learning.html
https://www.kdnuggets.com/tag/accuracy
https://www.kdnuggets.com/tag/colaboratory
https://www.kdnuggets.com/tag/data-preparation
https://www.kdnuggets.com/tag/ensemble-methods
https://www.kdnuggets.com/2018/03/text-processing-r.html
https://www.kdnuggets.com/tag/data-processing
https://www.kdnuggets.com/tag/r
https://www.kdnuggets.com/tag/text-analytics
https://www.kdnuggets.com/tag/text-mining
https://www.kdnuggets.com/2018/03/5-things-know-about-machine-learning.html
https://www.kdnuggets.com/tag/accuracy
https://www.kdnuggets.com/tag/colaboratory
https://www.kdnuggets.com/tag/data-preparation
https://www.kdnuggets.com/tag/ensemble-methods
https://www.kdnuggets.com/tag/jupyter
https://www.kdnuggets.com/2018/03/text-processing-r.html
https://www.kdnuggets.com/tag/data-processing
https://www.kdnuggets.com/tag/r
https://www.kdnuggets.com/tag/text-analytics
https://www.kdnuggets.com/tag/text-mining
https://www.kdnuggets.com/2018/03/5-things-know-about-machine-learning.html
https://www.kdnuggets.com/tag/accuracy
https://www.kdnuggets.com/tag/colaboratory
https://www.kdnuggets.com/tag/data-preparation
https://www.kdnuggets.com/tag/ensemble-methods
https://www.kdnuggets.com/tag/jupyter
https://www.kdnuggets.com/tag/machine-learning
https://www.kdnuggets.com/2018/03/text-processing-r.html
https://www.kdnuggets.com/tag/data-processing
https://www.kdnuggets.com/tag/r
https://www.kdnuggets.com/tag/text-analytics
https://www.kdnuggets.com/tag/text-mining
https://www.kdnuggets.com/2018/03/5-things-know-about-machine-learning.html
https://www.kdnuggets.com/tag/accuracy
https://www.kdnuggets.com/tag/colaboratory
https://www.kdnuggets.com/tag/data-preparation
https://www.kdnuggets.com/tag/ensemble-methods
https://www.kdnuggets.com/tag/jupyter
https://www.kdnuggets.com/tag/machine-learning
https://www.kdnuggets.com/tag/validation
https://www.kdnuggets.com/2018/03/text-processing-r.html
https://www.kdnuggets.com/tag/data-processing
https://www.kdnuggets.com/tag/r
https://www.kdnuggets.com/tag/text-analytics
https://www.kdnuggets.com/tag/text-mining
https://www.kdnuggets.com/2018/03/5-things-know-about-machine-learning.html
https://www.kdnuggets.com/tag/accuracy
https://www.kdnuggets.com/tag/colaboratory
https://www.kdnuggets.com/tag/data-preparation
https://www.kdnuggets.com/tag/ensemble-methods
https://www.kdnuggets.com/tag/jupyter
https://www.kdnuggets.com/tag/machine-learning
https://www.kdnuggets.com/tag/validation
https://www.kdnuggets.com/2018/03/time-series-dummies-3-step-process.html
https://www.kdnuggets.com/2018/03/text-processing-r.html
https://www.kdnuggets.com/tag/data-processing
https://www.kdnuggets.com/tag/r
https://www.kdnuggets.com/tag/text-analytics
https://www.kdnuggets.com/tag/text-mining
https://www.kdnuggets.com/2018/03/5-things-know-about-machine-learning.html
https://www.kdnuggets.com/tag/accuracy
https://www.kdnuggets.com/tag/colaboratory
https://www.kdnuggets.com/tag/data-preparation
https://www.kdnuggets.com/tag/ensemble-methods
https://www.kdnuggets.com/tag/jupyter
https://www.kdnuggets.com/tag/machine-learning
https://www.kdnuggets.com/tag/validation
https://www.kdnuggets.com/2018/03/time-series-dummies-3-step-process.html
https://www.kdnuggets.com/tag/data-science
https://www.kdnuggets.com/2018/03/text-processing-r.html
https://www.kdnuggets.com/tag/data-processing
https://www.kdnuggets.com/tag/r
https://www.kdnuggets.com/tag/text-analytics
https://www.kdnuggets.com/tag/text-mining
https://www.kdnuggets.com/2018/03/5-things-know-about-machine-learning.html
https://www.kdnuggets.com/tag/accuracy
https://www.kdnuggets.com/tag/colaboratory
https://www.kdnuggets.com/tag/data-preparation
https://www.kdnuggets.com/tag/ensemble-methods
https://www.kdnuggets.com/tag/jupyter
https://www.kdnuggets.com/tag/machine-learning
https://www.kdnuggets.com/tag/validation
https://www.kdnuggets.com/2018/03/time-series-dummies-3-step-process.html
https://www.kdnuggets.com/tag/data-science
https://www.kdnuggets.com/tag/deep-learning
https://www.kdnuggets.com/2018/03/text-processing-r.html
https://www.kdnuggets.com/tag/data-processing
https://www.kdnuggets.com/tag/r
https://www.kdnuggets.com/tag/text-analytics
https://www.kdnuggets.com/tag/text-mining
https://www.kdnuggets.com/2018/03/5-things-know-about-machine-learning.html
https://www.kdnuggets.com/tag/accuracy
https://www.kdnuggets.com/tag/colaboratory
https://www.kdnuggets.com/tag/data-preparation
https://www.kdnuggets.com/tag/ensemble-methods
https://www.kdnuggets.com/tag/jupyter
https://www.kdnuggets.com/tag/machine-learning
https://www.kdnuggets.com/tag/validation
https://www.kdnuggets.com/2018/03/time-series-dummies-3-step-process.html
https://www.kdnuggets.com/tag/data-science
https://www.kdnuggets.com/tag/deep-learning
https://www.kdnuggets.com/tag/machine-learning
https://www.kdnuggets.com/2018/03/text-processing-r.html
https://www.kdnuggets.com/tag/data-processing
https://www.kdnuggets.com/tag/r
https://www.kdnuggets.com/tag/text-analytics
https://www.kdnuggets.com/tag/text-mining
https://www.kdnuggets.com/2018/03/5-things-know-about-machine-learning.html
https://www.kdnuggets.com/tag/accuracy
https://www.kdnuggets.com/tag/colaboratory
https://www.kdnuggets.com/tag/data-preparation
https://www.kdnuggets.com/tag/ensemble-methods
https://www.kdnuggets.com/tag/jupyter
https://www.kdnuggets.com/tag/machine-learning
https://www.kdnuggets.com/tag/validation
https://www.kdnuggets.com/2018/03/time-series-dummies-3-step-process.html
https://www.kdnuggets.com/tag/data-science
https://www.kdnuggets.com/tag/deep-learning
https://www.kdnuggets.com/tag/machine-learning
https://www.kdnuggets.com/tag/predictive-modeling
https://www.kdnuggets.com/2018/03/text-processing-r.html
https://www.kdnuggets.com/tag/data-processing
https://www.kdnuggets.com/tag/r
https://www.kdnuggets.com/tag/text-analytics
https://www.kdnuggets.com/tag/text-mining
https://www.kdnuggets.com/2018/03/5-things-know-about-machine-learning.html
https://www.kdnuggets.com/tag/accuracy
https://www.kdnuggets.com/tag/colaboratory
https://www.kdnuggets.com/tag/data-preparation
https://www.kdnuggets.com/tag/ensemble-methods
https://www.kdnuggets.com/tag/jupyter
https://www.kdnuggets.com/tag/machine-learning
https://www.kdnuggets.com/tag/validation
https://www.kdnuggets.com/2018/03/time-series-dummies-3-step-process.html
https://www.kdnuggets.com/tag/data-science
https://www.kdnuggets.com/tag/deep-learning
https://www.kdnuggets.com/tag/machine-learning
https://www.kdnuggets.com/tag/predictive-modeling
https://www.kdnuggets.com/tag/time-series
https://www.kdnuggets.com/2018/03/text-processing-r.html
https://www.kdnuggets.com/tag/data-processing
https://www.kdnuggets.com/tag/r
https://www.kdnuggets.com/tag/text-analytics
https://www.kdnuggets.com/tag/text-mining
https://www.kdnuggets.com/2018/03/5-things-know-about-machine-learning.html
https://www.kdnuggets.com/tag/accuracy
https://www.kdnuggets.com/tag/colaboratory
https://www.kdnuggets.com/tag/data-preparation
https://www.kdnuggets.com/tag/ensemble-methods
https://www.kdnuggets.com/tag/jupyter
https://www.kdnuggets.com/tag/machine-learning
https://www.kdnuggets.com/tag/validation
https://www.kdnuggets.com/2018/03/time-series-dummies-3-step-process.html
https://www.kdnuggets.com/tag/data-science
https://www.kdnuggets.com/tag/deep-learning
https://www.kdnuggets.com/tag/machine-learning
https://www.kdnuggets.com/tag/predictive-modeling
https://www.kdnuggets.com/tag/time-series
https://www.kdnuggets.com/2018/03/data-science-fashion.html
https://www.kdnuggets.com/2018/03/text-processing-r.html
https://www.kdnuggets.com/tag/data-processing
https://www.kdnuggets.com/tag/r
https://www.kdnuggets.com/tag/text-analytics
https://www.kdnuggets.com/tag/text-mining
https://www.kdnuggets.com/2018/03/5-things-know-about-machine-learning.html
https://www.kdnuggets.com/tag/accuracy
https://www.kdnuggets.com/tag/colaboratory
https://www.kdnuggets.com/tag/data-preparation
https://www.kdnuggets.com/tag/ensemble-methods
https://www.kdnuggets.com/tag/jupyter
https://www.kdnuggets.com/tag/machine-learning
https://www.kdnuggets.com/tag/validation
https://www.kdnuggets.com/2018/03/time-series-dummies-3-step-process.html
https://www.kdnuggets.com/tag/data-science
https://www.kdnuggets.com/tag/deep-learning
https://www.kdnuggets.com/tag/machine-learning
https://www.kdnuggets.com/tag/predictive-modeling
https://www.kdnuggets.com/tag/time-series
https://www.kdnuggets.com/2018/03/data-science-fashion.html
https://www.kdnuggets.com/tag/brands
https://www.kdnuggets.com/2018/03/text-processing-r.html
https://www.kdnuggets.com/tag/data-processing
https://www.kdnuggets.com/tag/r
https://www.kdnuggets.com/tag/text-analytics
https://www.kdnuggets.com/tag/text-mining
https://www.kdnuggets.com/2018/03/5-things-know-about-machine-learning.html
https://www.kdnuggets.com/tag/accuracy
https://www.kdnuggets.com/tag/colaboratory
https://www.kdnuggets.com/tag/data-preparation
https://www.kdnuggets.com/tag/ensemble-methods
https://www.kdnuggets.com/tag/jupyter
https://www.kdnuggets.com/tag/machine-learning
https://www.kdnuggets.com/tag/validation
https://www.kdnuggets.com/2018/03/time-series-dummies-3-step-process.html
https://www.kdnuggets.com/tag/data-science
https://www.kdnuggets.com/tag/deep-learning
https://www.kdnuggets.com/tag/machine-learning
https://www.kdnuggets.com/tag/predictive-modeling
https://www.kdnuggets.com/tag/time-series
https://www.kdnuggets.com/2018/03/data-science-fashion.html
https://www.kdnuggets.com/tag/brands
https://www.kdnuggets.com/tag/data-science
https://www.kdnuggets.com/2018/03/text-processing-r.html
https://www.kdnuggets.com/tag/data-processing
https://www.kdnuggets.com/tag/r
https://www.kdnuggets.com/tag/text-analytics
https://www.kdnuggets.com/tag/text-mining
https://www.kdnuggets.com/2018/03/5-things-know-about-machine-learning.html
https://www.kdnuggets.com/tag/accuracy
https://www.kdnuggets.com/tag/colaboratory
https://www.kdnuggets.com/tag/data-preparation
https://www.kdnuggets.com/tag/ensemble-methods
https://www.kdnuggets.com/tag/jupyter
https://www.kdnuggets.com/tag/machine-learning
https://www.kdnuggets.com/tag/validation
https://www.kdnuggets.com/2018/03/time-series-dummies-3-step-process.html
https://www.kdnuggets.com/tag/data-science
https://www.kdnuggets.com/tag/deep-learning
https://www.kdnuggets.com/tag/machine-learning
https://www.kdnuggets.com/tag/predictive-modeling
https://www.kdnuggets.com/tag/time-series
https://www.kdnuggets.com/2018/03/data-science-fashion.html
https://www.kdnuggets.com/tag/brands
https://www.kdnuggets.com/tag/data-science
https://www.kdnuggets.com/tag/fashion
https://www.kdnuggets.com/2018/03/text-processing-r.html
https://www.kdnuggets.com/tag/data-processing
https://www.kdnuggets.com/tag/r
https://www.kdnuggets.com/tag/text-analytics
https://www.kdnuggets.com/tag/text-mining
https://www.kdnuggets.com/2018/03/5-things-know-about-machine-learning.html
https://www.kdnuggets.com/tag/accuracy
https://www.kdnuggets.com/tag/colaboratory
https://www.kdnuggets.com/tag/data-preparation
https://www.kdnuggets.com/tag/ensemble-methods
https://www.kdnuggets.com/tag/jupyter
https://www.kdnuggets.com/tag/machine-learning
https://www.kdnuggets.com/tag/validation
https://www.kdnuggets.com/2018/03/time-series-dummies-3-step-process.html
https://www.kdnuggets.com/tag/data-science
https://www.kdnuggets.com/tag/deep-learning
https://www.kdnuggets.com/tag/machine-learning
https://www.kdnuggets.com/tag/predictive-modeling
https://www.kdnuggets.com/tag/time-series
https://www.kdnuggets.com/2018/03/data-science-fashion.html
https://www.kdnuggets.com/tag/brands
https://www.kdnuggets.com/tag/data-science
https://www.kdnuggets.com/tag/fashion
https://www.kdnuggets.com/tag/retail
https://www.kdnuggets.com/2018/03/text-processing-r.html
https://www.kdnuggets.com/tag/data-processing
https://www.kdnuggets.com/tag/r
https://www.kdnuggets.com/tag/text-analytics
https://www.kdnuggets.com/tag/text-mining
https://www.kdnuggets.com/2018/03/5-things-know-about-machine-learning.html
https://www.kdnuggets.com/tag/accuracy
https://www.kdnuggets.com/tag/colaboratory
https://www.kdnuggets.com/tag/data-preparation
https://www.kdnuggets.com/tag/ensemble-methods
https://www.kdnuggets.com/tag/jupyter
https://www.kdnuggets.com/tag/machine-learning
https://www.kdnuggets.com/tag/validation
https://www.kdnuggets.com/2018/03/time-series-dummies-3-step-process.html
https://www.kdnuggets.com/tag/data-science
https://www.kdnuggets.com/tag/deep-learning
https://www.kdnuggets.com/tag/machine-learning
https://www.kdnuggets.com/tag/predictive-modeling
https://www.kdnuggets.com/tag/time-series
https://www.kdnuggets.com/2018/03/data-science-fashion.html
https://www.kdnuggets.com/tag/brands
https://www.kdnuggets.com/tag/data-science
https://www.kdnuggets.com/tag/fashion
https://www.kdnuggets.com/tag/retail
https://www.kdnuggets.com/tag/supply-chain
https://www.kdnuggets.com/2018/03/text-processing-r.html
https://www.kdnuggets.com/tag/data-processing
https://www.kdnuggets.com/tag/r
https://www.kdnuggets.com/tag/text-analytics
https://www.kdnuggets.com/tag/text-mining
https://www.kdnuggets.com/2018/03/5-things-know-about-machine-learning.html
https://www.kdnuggets.com/tag/accuracy
https://www.kdnuggets.com/tag/colaboratory
https://www.kdnuggets.com/tag/data-preparation
https://www.kdnuggets.com/tag/ensemble-methods
https://www.kdnuggets.com/tag/jupyter
https://www.kdnuggets.com/tag/machine-learning
https://www.kdnuggets.com/tag/validation
https://www.kdnuggets.com/2018/03/time-series-dummies-3-step-process.html
https://www.kdnuggets.com/tag/data-science
https://www.kdnuggets.com/tag/deep-learning
https://www.kdnuggets.com/tag/machine-learning
https://www.kdnuggets.com/tag/predictive-modeling
https://www.kdnuggets.com/tag/time-series
https://www.kdnuggets.com/2018/03/data-science-fashion.html
https://www.kdnuggets.com/tag/brands
https://www.kdnuggets.com/tag/data-science
https://www.kdnuggets.com/tag/fashion
https://www.kdnuggets.com/tag/retail
https://www.kdnuggets.com/tag/supply-chain
https://www.kdnuggets.com/2018/03/data-science-javascript-developers.html
https://www.kdnuggets.com/2018/03/text-processing-r.html
https://www.kdnuggets.com/tag/data-processing
https://www.kdnuggets.com/tag/r
https://www.kdnuggets.com/tag/text-analytics
https://www.kdnuggets.com/tag/text-mining
https://www.kdnuggets.com/2018/03/5-things-know-about-machine-learning.html
https://www.kdnuggets.com/tag/accuracy
https://www.kdnuggets.com/tag/colaboratory
https://www.kdnuggets.com/tag/data-preparation
https://www.kdnuggets.com/tag/ensemble-methods
https://www.kdnuggets.com/tag/jupyter
https://www.kdnuggets.com/tag/machine-learning
https://www.kdnuggets.com/tag/validation
https://www.kdnuggets.com/2018/03/time-series-dummies-3-step-process.html
https://www.kdnuggets.com/tag/data-science
https://www.kdnuggets.com/tag/deep-learning
https://www.kdnuggets.com/tag/machine-learning
https://www.kdnuggets.com/tag/predictive-modeling
https://www.kdnuggets.com/tag/time-series
https://www.kdnuggets.com/2018/03/data-science-fashion.html
https://www.kdnuggets.com/tag/brands
https://www.kdnuggets.com/tag/data-science
https://www.kdnuggets.com/tag/fashion
https://www.kdnuggets.com/tag/retail
https://www.kdnuggets.com/tag/supply-chain
https://www.kdnuggets.com/2018/03/data-science-javascript-developers.html
https://www.kdnuggets.com/tag/data-science
https://www.kdnuggets.com/2018/03/text-processing-r.html
https://www.kdnuggets.com/tag/data-processing
https://www.kdnuggets.com/tag/r
https://www.kdnuggets.com/tag/text-analytics
https://www.kdnuggets.com/tag/text-mining
https://www.kdnuggets.com/2018/03/5-things-know-about-machine-learning.html
https://www.kdnuggets.com/tag/accuracy
https://www.kdnuggets.com/tag/colaboratory
https://www.kdnuggets.com/tag/data-preparation
https://www.kdnuggets.com/tag/ensemble-methods
https://www.kdnuggets.com/tag/jupyter
https://www.kdnuggets.com/tag/machine-learning
https://www.kdnuggets.com/tag/validation
https://www.kdnuggets.com/2018/03/time-series-dummies-3-step-process.html
https://www.kdnuggets.com/tag/data-science
https://www.kdnuggets.com/tag/deep-learning
https://www.kdnuggets.com/tag/machine-learning
https://www.kdnuggets.com/tag/predictive-modeling
https://www.kdnuggets.com/tag/time-series
https://www.kdnuggets.com/2018/03/data-science-fashion.html
https://www.kdnuggets.com/tag/brands
https://www.kdnuggets.com/tag/data-science
https://www.kdnuggets.com/tag/fashion
https://www.kdnuggets.com/tag/retail
https://www.kdnuggets.com/tag/supply-chain
https://www.kdnuggets.com/2018/03/data-science-javascript-developers.html
https://www.kdnuggets.com/tag/data-science
https://www.kdnuggets.com/tag/data-visualization
https://www.kdnuggets.com/2018/03/text-processing-r.html
https://www.kdnuggets.com/tag/data-processing
https://www.kdnuggets.com/tag/r
https://www.kdnuggets.com/tag/text-analytics
https://www.kdnuggets.com/tag/text-mining
https://www.kdnuggets.com/2018/03/5-things-know-about-machine-learning.html
https://www.kdnuggets.com/tag/accuracy
https://www.kdnuggets.com/tag/colaboratory
https://www.kdnuggets.com/tag/data-preparation
https://www.kdnuggets.com/tag/ensemble-methods
https://www.kdnuggets.com/tag/jupyter
https://www.kdnuggets.com/tag/machine-learning
https://www.kdnuggets.com/tag/validation
https://www.kdnuggets.com/2018/03/time-series-dummies-3-step-process.html
https://www.kdnuggets.com/tag/data-science
https://www.kdnuggets.com/tag/deep-learning
https://www.kdnuggets.com/tag/machine-learning
https://www.kdnuggets.com/tag/predictive-modeling
https://www.kdnuggets.com/tag/time-series
https://www.kdnuggets.com/2018/03/data-science-fashion.html
https://www.kdnuggets.com/tag/brands
https://www.kdnuggets.com/tag/data-science
https://www.kdnuggets.com/tag/fashion
https://www.kdnuggets.com/tag/retail
https://www.kdnuggets.com/tag/supply-chain
https://www.kdnuggets.com/2018/03/data-science-javascript-developers.html
https://www.kdnuggets.com/tag/data-science
https://www.kdnuggets.com/tag/data-visualization
https://www.kdnuggets.com/tag/javascript
https://www.kdnuggets.com/2018/03/text-processing-r.html
https://www.kdnuggets.com/tag/data-processing
https://www.kdnuggets.com/tag/r
https://www.kdnuggets.com/tag/text-analytics
https://www.kdnuggets.com/tag/text-mining
https://www.kdnuggets.com/2018/03/5-things-know-about-machine-learning.html
https://www.kdnuggets.com/tag/accuracy
https://www.kdnuggets.com/tag/colaboratory
https://www.kdnuggets.com/tag/data-preparation
https://www.kdnuggets.com/tag/ensemble-methods
https://www.kdnuggets.com/tag/jupyter
https://www.kdnuggets.com/tag/machine-learning
https://www.kdnuggets.com/tag/validation
https://www.kdnuggets.com/2018/03/time-series-dummies-3-step-process.html
https://www.kdnuggets.com/tag/data-science
https://www.kdnuggets.com/tag/deep-learning
https://www.kdnuggets.com/tag/machine-learning
https://www.kdnuggets.com/tag/predictive-modeling
https://www.kdnuggets.com/tag/time-series
https://www.kdnuggets.com/2018/03/data-science-fashion.html
https://www.kdnuggets.com/tag/brands
https://www.kdnuggets.com/tag/data-science
https://www.kdnuggets.com/tag/fashion
https://www.kdnuggets.com/tag/retail
https://www.kdnuggets.com/tag/supply-chain
https://www.kdnuggets.com/2018/03/data-science-javascript-developers.html
https://www.kdnuggets.com/tag/data-science
https://www.kdnuggets.com/tag/data-visualization
https://www.kdnuggets.com/tag/javascript
https://www.kdnuggets.com/tag/jupyter
https://www.kdnuggets.com/2018/03/text-processing-r.html
https://www.kdnuggets.com/tag/data-processing
https://www.kdnuggets.com/tag/r
https://www.kdnuggets.com/tag/text-analytics
https://www.kdnuggets.com/tag/text-mining
https://www.kdnuggets.com/2018/03/5-things-know-about-machine-learning.html
https://www.kdnuggets.com/tag/accuracy
https://www.kdnuggets.com/tag/colaboratory
https://www.kdnuggets.com/tag/data-preparation
https://www.kdnuggets.com/tag/ensemble-methods
https://www.kdnuggets.com/tag/jupyter
https://www.kdnuggets.com/tag/machine-learning
https://www.kdnuggets.com/tag/validation
https://www.kdnuggets.com/2018/03/time-series-dummies-3-step-process.html
https://www.kdnuggets.com/tag/data-science
https://www.kdnuggets.com/tag/deep-learning
https://www.kdnuggets.com/tag/machine-learning
https://www.kdnuggets.com/tag/predictive-modeling
https://www.kdnuggets.com/tag/time-series
https://www.kdnuggets.com/2018/03/data-science-fashion.html
https://www.kdnuggets.com/tag/brands
https://www.kdnuggets.com/tag/data-science
https://www.kdnuggets.com/tag/fashion
https://www.kdnuggets.com/tag/retail
https://www.kdnuggets.com/tag/supply-chain
https://www.kdnuggets.com/2018/03/data-science-javascript-developers.html
https://www.kdnuggets.com/tag/data-science
https://www.kdnuggets.com/tag/data-visualization
https://www.kdnuggets.com/tag/javascript
https://www.kdnuggets.com/tag/jupyter
https://www.kdnuggets.com/2018/03/google-tensorflow-object-detection-api-the-easiest-way-implement-image-recognition.html
https://www.kdnuggets.com/2018/03/text-processing-r.html
https://www.kdnuggets.com/tag/data-processing
https://www.kdnuggets.com/tag/r
https://www.kdnuggets.com/tag/text-analytics
https://www.kdnuggets.com/tag/text-mining
https://www.kdnuggets.com/2018/03/5-things-know-about-machine-learning.html
https://www.kdnuggets.com/tag/accuracy
https://www.kdnuggets.com/tag/colaboratory
https://www.kdnuggets.com/tag/data-preparation
https://www.kdnuggets.com/tag/ensemble-methods
https://www.kdnuggets.com/tag/jupyter
https://www.kdnuggets.com/tag/machine-learning
https://www.kdnuggets.com/tag/validation
https://www.kdnuggets.com/2018/03/time-series-dummies-3-step-process.html
https://www.kdnuggets.com/tag/data-science
https://www.kdnuggets.com/tag/deep-learning
https://www.kdnuggets.com/tag/machine-learning
https://www.kdnuggets.com/tag/predictive-modeling
https://www.kdnuggets.com/tag/time-series
https://www.kdnuggets.com/2018/03/data-science-fashion.html
https://www.kdnuggets.com/tag/brands
https://www.kdnuggets.com/tag/data-science
https://www.kdnuggets.com/tag/fashion
https://www.kdnuggets.com/tag/retail
https://www.kdnuggets.com/tag/supply-chain
https://www.kdnuggets.com/2018/03/data-science-javascript-developers.html
https://www.kdnuggets.com/tag/data-science
https://www.kdnuggets.com/tag/data-visualization
https://www.kdnuggets.com/tag/javascript
https://www.kdnuggets.com/tag/jupyter
https://www.kdnuggets.com/2018/03/google-tensorflow-object-detection-api-the-easiest-way-implement-image-recognition.html
https://www.kdnuggets.com/tag/api
https://www.kdnuggets.com/2018/03/text-processing-r.html
https://www.kdnuggets.com/tag/data-processing
https://www.kdnuggets.com/tag/r
https://www.kdnuggets.com/tag/text-analytics
https://www.kdnuggets.com/tag/text-mining
https://www.kdnuggets.com/2018/03/5-things-know-about-machine-learning.html
https://www.kdnuggets.com/tag/accuracy
https://www.kdnuggets.com/tag/colaboratory
https://www.kdnuggets.com/tag/data-preparation
https://www.kdnuggets.com/tag/ensemble-methods
https://www.kdnuggets.com/tag/jupyter
https://www.kdnuggets.com/tag/machine-learning
https://www.kdnuggets.com/tag/validation
https://www.kdnuggets.com/2018/03/time-series-dummies-3-step-process.html
https://www.kdnuggets.com/tag/data-science
https://www.kdnuggets.com/tag/deep-learning
https://www.kdnuggets.com/tag/machine-learning
https://www.kdnuggets.com/tag/predictive-modeling
https://www.kdnuggets.com/tag/time-series
https://www.kdnuggets.com/2018/03/data-science-fashion.html
https://www.kdnuggets.com/tag/brands
https://www.kdnuggets.com/tag/data-science
https://www.kdnuggets.com/tag/fashion
https://www.kdnuggets.com/tag/retail
https://www.kdnuggets.com/tag/supply-chain
https://www.kdnuggets.com/2018/03/data-science-javascript-developers.html
https://www.kdnuggets.com/tag/data-science
https://www.kdnuggets.com/tag/data-visualization
https://www.kdnuggets.com/tag/javascript
https://www.kdnuggets.com/tag/jupyter
https://www.kdnuggets.com/2018/03/google-tensorflow-object-detection-api-the-easiest-way-implement-image-recognition.html
https://www.kdnuggets.com/tag/api
https://www.kdnuggets.com/tag/image-recognition
https://www.kdnuggets.com/2018/03/text-processing-r.html
https://www.kdnuggets.com/tag/data-processing
https://www.kdnuggets.com/tag/r
https://www.kdnuggets.com/tag/text-analytics
https://www.kdnuggets.com/tag/text-mining
https://www.kdnuggets.com/2018/03/5-things-know-about-machine-learning.html
https://www.kdnuggets.com/tag/accuracy
https://www.kdnuggets.com/tag/colaboratory
https://www.kdnuggets.com/tag/data-preparation
https://www.kdnuggets.com/tag/ensemble-methods
https://www.kdnuggets.com/tag/jupyter
https://www.kdnuggets.com/tag/machine-learning
https://www.kdnuggets.com/tag/validation
https://www.kdnuggets.com/2018/03/time-series-dummies-3-step-process.html
https://www.kdnuggets.com/tag/data-science
https://www.kdnuggets.com/tag/deep-learning
https://www.kdnuggets.com/tag/machine-learning
https://www.kdnuggets.com/tag/predictive-modeling
https://www.kdnuggets.com/tag/time-series
https://www.kdnuggets.com/2018/03/data-science-fashion.html
https://www.kdnuggets.com/tag/brands
https://www.kdnuggets.com/tag/data-science
https://www.kdnuggets.com/tag/fashion
https://www.kdnuggets.com/tag/retail
https://www.kdnuggets.com/tag/supply-chain
https://www.kdnuggets.com/2018/03/data-science-javascript-developers.html
https://www.kdnuggets.com/tag/data-science
https://www.kdnuggets.com/tag/data-visualization
https://www.kdnuggets.com/tag/javascript
https://www.kdnuggets.com/tag/jupyter
https://www.kdnuggets.com/2018/03/google-tensorflow-object-detection-api-the-easiest-way-implement-image-recognition.html
https://www.kdnuggets.com/tag/api
https://www.kdnuggets.com/tag/image-recognition
https://www.kdnuggets.com/tag/tensorflow
